Nom_commun;Categorie;Famille;Genre;Espece;Cultivar;Lien_general;Lien_detail;Anecdote;note
Erable champêtre;Arbres d'ornement et d'alignement;Sapindaceae-Aceraceae;Acer;campestre;-;https://en.wikipedia.org/wiki/Acer_campestre;https://commons.wikimedia.org/wiki/Category:Acer_campestre;"Sa sève sucrée permettait de préparer un sirop artisanal ; son bois blanc et dur était recherché en lutherie et tournerie.";
Erable plane;Arbres d'ornement et d'alignement;Sapindaceae-Aceraceae;Acer;platanoides;-;https://www.futura-sciences.com/planete/definitions/botanique-erable-plane-9307/;https://commons.wikimedia.org/wiki/Category:Acer_platanoides;Sa floraison jaune-vert apparaît avant les feuilles, ce qui permet de le distinguer de l'érable sycomore, qui fleurit après leur développement.;
Erable sycomore;Arbres d'ornement et d'alignement;Sapindaceae-Aceraceae;Acer;pseudoplatanus;-;https://en.wikipedia.org/wiki/Acer_pseudoplatanus;https://commons.wikimedia.org/wiki/Category:Acer_pseudoplatanus;Malgré son nom, ce n'est pas un vrai platane : 'pseudoplatanus' vient du grec pour 'faux', ses feuilles ressemblant seulement à celles du platane.;
"Marronnier d'Inde ; Marronnier blanc";Arbres d'ornement et d'alignement;Sapindaceae-Hippocastanaceae;Aesculus;hippocastanum;-;https://www.humanite-biodiversite.fr/articles/119550-le-marronnier-d-inde-aesculus-hippocastanum;https://commons.wikimedia.org/wiki/Category:Aesculus_hippocastanum;"Malgré son nom, il n'est pas originaire d'Inde mais des Balkans ; introduit à Vienne en 1576, puis planté à Paris dès 1612.";
Noyer commun, Noyer royal, Calottier;Arbres d'ornement et d'alignement;Juglandaceae;Juglans;regia;-;https://www.ebben.nl/fr/treeebb/juregia-juglans-regia/pdf/;https://commons.wikimedia.org/wiki/Category:Juglans_regia;"Son nom vient du latin 'Jovis glans' (gland de Jupiter) ; on plantait traditionnellement un noyer à la naissance d'un héritier mâle.";
"Arbre de soie ; Acacia ou Mimosa de Constantinople";Arbres d'ornement et d'alignement;Fabaceae (Leguminosae) - Mimosaceae;Albizia;julibrissin;-;https://www.futura-sciences.com/planete/definitions/botanique-arbre-soie-10146/;https://commons.wikimedia.org/wiki/Category:Albizia_julibrissin;"Son nom vient du persan 'gul-i abrisham' (fleur de soie) ; ses feuilles bipennées se replient chaque soir.";
Aulne à feuilles en cœur, Aulne de Corse, Aulne cordé;Arbres d'ornement et d'alignement;Betulaceae;Alnus;cordata;-;https://www.futura-sciences.com/planete/definitions/botanique-aulne-feuilles-coeur-8502/;https://commons.wikimedia.org/wiki/Category:Alnus_cordata;"Endémique de Corse et du sud de l'Italie ; se distingue de l'aulne glutineux par sa feuille en cœur et pointue (celle-ci est tronquée au sommet).";
Bouleau de l'Himalaya;Arbres d'ornement et d'alignement;Betulaceae;Betula;utilis;-;https://www.techno-science.net/fr/definitions/betula-utilis;https://commons.wikimedia.org/wiki/Category:Betula_utilis;Son écorce blanche et fine, semblable à du papier, servait dans l'Antiquité à écrire les textes sacrés sanskrits, et sert encore à inscrire des mantras.;
"Charme ; Charmille";Arbres d'ornement et d'alignement;Betulaceae-Corylaceae;Carpinus;betulus;-;https://www.futura-sciences.com/planete/definitions/botanique-charme-commun-8235/;https://commons.wikimedia.org/wiki/Category:Carpinus_betulus;Moyen mnémotechnique pour ne pas le confondre avec le hêtre : « le charme d'Adam, c'est d'être à poil » — feuilles dentées chez le charme, poilues chez le hêtre.;
Catalpa commun;Arbres d'ornement et d'alignement;Bignoniaceae;Catalpa;bignonioides;-;https://www.futura-sciences.com/planete/definitions/botanique-catalpa-8937/;https://commons.wikimedia.org/wiki/Category:Catalpa_bignonioides;"Son nom vient d'un mot cherokee désignant le haricot, en référence à ses longues gousses ; les Bignoniacées doivent leur nom à la ressemblance de ses fleurs avec celles de la bignone.";
Arbre de Judée;Arbres d'ornement et d'alignement;Fabaceae (Leguminosae) - Caesalpiniaceae;Cercis;siliquastrum;-;https://fr.wikipedia.org/wiki/Arbre_de_Jud%C3%A9e;https://commons.wikimedia.org/wiki/Cercis_siliquastrum;Selon la légende, c'est à cet arbre que Judas se serait pendu, ce qui aurait fait rosir de honte ses fleurs. De plus, particularité botanique (cauliflorie) : ses fleurs apparaissent directement sur le tronc.;
Noisetier de Byzance;Arbres d'ornement et d'alignement;Betulaceae-Corylaceae;Corylus;colurna;-;https://fr.wikipedia.org/wiki/Noisetier_de_Byzance;https://commons.wikimedia.org/wiki/Corylus_colurna;Contrairement à notre noisetier commun qui pousse en buisson (cépée), le noisetier de Byzance forme un véritable tronc droit, régulier, et peut devenir un grand arbre de 20 mètres de haut.;
"Eucalyptus ; Gommier cidre";Arbres d'ornement et d'alignement;Myrtaceae;Eucalyptus;gunnii;-;https://fr.wikipedia.org/wiki/Eucalyptus_gunnii;https://commons.wikimedia.org/wiki/Eucalyptus_gunnii;Son nom 'Gommier cidre' vient de sa sève sucrée que les Aborigènes de Tasmanie faisaient fermenter pour obtenir une boisson semblable au cidre.;
"Hêtre commun ; Hêtre sylvestre ; Fayard";Arbres d'ornement et d'alignement;Fagaceae;Fagus;sylvatica;-;https://fr.wikipedia.org/wiki/H%C3%AAtre_commun;https://commons.wikimedia.org/wiki/Fagus_sylvatica;Moyen mnémotechnique avec le charme : 'Le charme d'Adam est d'être à poil' -> le charme a des feuilles à dents, le hêtre a des feuilles avec des petits poils sur le bord.;
Frêne à fleurs, Orne, Orne d'Europe, Frêne orne;Arbres d'ornement et d'alignement;Oleaceae;Fraxinus;ornus;-;https://fr.wikipedia.org/wiki/Fr%C3%AAne_%C3%A0_fleurs;https://commons.wikimedia.org/wiki/Fraxinus_ornus;Si l'on entaille son écorce, il laisse couler une sève qui durcit à l'air libre pour former la 'manne de frêne', autrefois très utilisée en médecine comme laxatif doux.;
Arbre aux 40 écus;Arbres d'ornement et d'alignement;Ginkgoaceae;Ginkgo;biloba;-;https://fr.wikipedia.org/wiki/Ginkgo_biloba;https://commons.wikimedia.org/wiki/Ginkgo_biloba;Véritable 'fossile vivant' apparu avant les dinosaures, il est aussi le premier arbre à avoir bourgeonné et repoussé après le bombardement atomique d'Hiroshima.;
Févier d'Amérique sans épine;Arbres d'ornement et d'alignement;Fabaceae (Leguminosae) - Caesalpiniaceae;Gleditsia;triacanthos;'Inermis';https://fr.wikipedia.org/wiki/F%C3%A9vier_d%27Am%C3%A9rique;https://commons.wikimedia.org/wiki/Gleditsia_triacanthos;Si le cultivar de la liste est sans épine, l'espèce type possède des épines redoutables à 3 pointes ('triacanthos') sur son tronc, autrefois utilisées comme clous ou aiguilles.;
"Savonnier de Chine ; Bois du Panama";Arbres d'ornement et d'alignement;Sapindaceae;Koelreuteria;paniculata;-;https://fr.wikipedia.org/wiki/Savonnier;https://commons.wikimedia.org/wiki/Koelreuteria_paniculata;Ses fruits originaux ressemblent à de petits lampions en papier (d'où son nom anglais 'Lantern tree'). Ses graines et son écorce contiennent des saponines, ce qui permet d'en faire du savon.;
Copalme d'Amérique;Arbres d'ornement et d'alignement;Altingiaceae-Hamamelidaceae;Liquidambar;styraciflua;-;https://fr.wikipedia.org/wiki/Copalme_d%27Am%C3%A9rique;https://commons.wikimedia.org/wiki/Liquidambar_styraciflua;Son nom signifie 'Ambre liquide' en référence à sa résine très odorante. Ses feuilles ressemblent à l'érable, mais elles sont alternes sur le rameau (celles de l'érable sont opposées).;
Tulipier de Virginie;Arbres d'ornement et d'alignement;Magnoliaceae;Liriodendron;tulipifera;-;https://fr.wikipedia.org/wiki/Tulipier_de_Virginie;https://commons.wikimedia.org/wiki/Liriodendron_tulipifera;Les feuilles du tulipier ont une forme unique : on dirait que leur extrémité a été coupée aux ciseaux. Au printemps, il donne de superbes fleurs qui ressemblent à des tulipes vert-jaune.;
"Magnolia à grandes fleurs ; Magnolier";Arbres d'ornement et d'alignement;Magnoliaceae;Magnolia;grandiflora;-;https://fr.wikipedia.org/wiki/Magnolia_grandiflora;https://commons.wikimedia.org/wiki/Magnolia_grandiflora;"Arbre très ancien à feuilles coriaces et persistantes ; ses grandes fleurs blanches parfumées ont un pistil central si primitif qu'elles étaient pollinisées par des coléoptères avant même l'apparition des abeilles.";
"Magnolia de Soulange ; Magnolier";Arbres d'ornement et d'alignement;Magnoliaceae;Magnolia;x soulangeana;-;https://fr.wikipedia.org/wiki/Magnolia_%C3%97_soulangeana;https://commons.wikimedia.org/wiki/Magnolia_%C3%97_soulangeana;Obtenu en France en 1820 par Étienne Soulange-Bodin (un ancien officier de Napoléon), cet hybride fleurit au début du printemps sur du bois nu avant la sortie des feuilles.;
Mûrier blanc, Mûrier commun;Arbres d'ornement et d'alignement;Moraceae;Morus;alba;-;https://fr.wikipedia.org/wiki/M%C3%BBrier_blanc;https://commons.wikimedia.org/wiki/Morus_alba;"Ses feuilles sont le seul aliment des chenilles du ver à soie (Bombyx du mûrier) ; son introduction en Europe au Moyen Âge a permis le développement de l'industrie de la soie.";
Paulownia impérial;Arbres d'ornement et d'alignement;Paulowniaceae-Scrophulariaceae;Paulownia;tomentosa / imperialis;-;https://fr.wikipedia.org/wiki/Paulownia_tomentosa;https://commons.wikimedia.org/wiki/Paulownia_tomentosa;Surnommé 'l'arbre de la princesse', il produit d'immenses feuilles velues et des fleurs violettes en cloches. Ses graines extrêmement légères ont autrefois servi d'emballage dans les colis d'exportation chinois.;
Platane commun;Arbres d'ornement et d'alignement;Platanaceae;Platanus;x acerifolia / x hispanica;-;https://fr.wikipedia.org/wiki/Platanus_%C3%97_hispanica;https://commons.wikimedia.org/wiki/Platanus_%C3%97_hispanica;Très résistant à la pollution urbaine, il se reconnaît à ses fruits poilus pendants par deux et son écorce qui se détache en plaques, rappelant une tenue de camouflage militaire.;
Prunier de Pissard;Arbres d'ornement et d'alignement;Rosaceae;Prunus;cerasifera;'Nigra';https://fr.wikipedia.org/wiki/Prunus_cerasifera;https://commons.wikimedia.org/wiki/Prunus_cerasifera;Son feuillage pourpre très sombre et ses fleurs roses très précoces au printemps en font un classique des parcs. 'Nigra' fait référence à la couleur très foncée de ses feuilles.;
"Cerisier à fleurs ; Cerisier du Japon";Arbres d'ornement et d'alignement;Rosaceae;Prunus;serrulata;-;https://fr.wikipedia.org/wiki/Prunus_serrulata;https://commons.wikimedia.org/wiki/Prunus_serrulata;Emblème du Japon sous le nom de 'Sakura', sa floraison printanière donne lieu à la fête traditionnelle de l'Hanami où l'on contemple les fleurs qui tombent en une 'pluie de neige rose'.;
Chêne vert;Arbres d'ornement et d'alignement;Fagaceae;Quercus;ilex;-;https://fr.wikipedia.org/wiki/Ch%C3%AAne_vert;https://commons.wikimedia.org/wiki/Quercus_ilex;Aussi appelé 'Yeuse', ce chêne du Sud conserve ses feuilles coriaces, sombres et piquantes même en hiver. Son bois très dense coule dans l'eau au lieu de flotter.;
Chêne pédonculé;Arbres d'ornement et d'alignement;Fagaceae;Quercus;robur / pedunculata;-;https://fr.wikipedia.org/wiki/Ch%C3%AAne_p%C3%A9doncul%C3%A9;https://commons.wikimedia.org/wiki/Quercus_robur;Moyen mnémotechnique : 'Le Chêne Pédonculé a des fruits Pieds-courts et des feuilles Pas de pied' -> le gland a un long pédoncule (un long pied) mais la feuille n'a pratiquement pas de pétiole.;
"Robinier faux-acacia ; Acacia boule";Arbres d'ornement et d'alignement;Fabaceae (Leguminosae) - Papilionaceae;Robinia;pseudoacacia;'Umbraculifera';https://fr.wikipedia.org/wiki/Robinia_pseudoacacia;https://commons.wikimedia.org/wiki/Robinia_pseudoacacia;Ce cultivar 'Umbraculifera' forme une boule compacte naturelle idéale pour l'alignement. L'espèce est originaire d'Amérique du Nord et fut introduite en Europe par Jean Robin en 1601.;
Saule marsault, Saule des chèvres, Marsaule, Marsault;Arbres d'ornement et d'alignement;Salicaceae;Salix;caprea;-;https://fr.wikipedia.org/wiki/Salix_caprea;https://commons.wikimedia.org/wiki/Salix_caprea;Plante pionnière essentielle au tout début du printemps : ses chatons argentés très précoce fournissent la toute première nourriture (pollen et nectar) aux abeilles qui sortent d'hivernage.;
Sophora du Japon;Arbres d'ornement et d'alignement;Fabaceae (Leguminosae) - Papilionaceae;Styphnolobium / Sophora;japonicum / japonica;-;https://fr.wikipedia.org/wiki/Sophora_du_Japon;https://commons.wikimedia.org/wiki/Styphnolobium_japonicum;"Malgré son nom d'espèce 'japonicum', cet arbre est originaire de Chine ; il résiste remarquablement à la sécheresse et à la pollution urbaine tout en offrant une floraison estivale blanche parfumée.";
"Tilleul à grandes feuilles ; Tilleul de Hollande";Arbres d'ornement et d'alignement;Malvaceae-Tiliaceae;Tilia;platyphyllos;-;https://fr.wikipedia.org/wiki/Tilia_platyphyllos;https://commons.wikimedia.org/wiki/Tilia_platyphyllos;Pour le reconnaître du tilleul à petites feuilles : le tilleul à grandes feuilles possède des poils blancs sous les aisselles des nervures de ses feuilles, alors qu'ils sont roux chez Tilia cordata.;
"Palmier chanvre ; Palmier rustique";Arbres d'ornement et d'alignement;Arecaceae (Palmae);Trachycarpus;fortunei;-;https://fr.wikipedia.org/wiki/Trachycarpus_fortunei;https://commons.wikimedia.org/wiki/Trachycarpus_fortunei;C'est le palmier le plus rustique en Europe (résiste jusqu'à -18 °C). Le stipe est recouvert d'un réseau de fibres brunes poilues qui servaient autrefois à fabriquer des cordages et des paillassons.;
"Sapin du Caucase ; Sapin de Nordman ; Sapin de Crimée";Conifères;Pinaceae;Abies;nordmanniana;-;https://fr.wikipedia.org/wiki/Sapin_de_Nordmann;https://commons.wikimedia.org/wiki/Abies_nordmanniana;Le grand classique du sapin de Noël ! Ses aiguilles sont souples, ne piquent pas et surtout ne tombent pratiquement pas une fois l'arbre coupé, contrairement au sapin d'Épicéa.;
Cèdre bleu, cèdre de l'atlas;Conifères;Pinaceae;Cedrus;libani ssp. atlantica;'Glauca';https://fr.wikipedia.org/wiki/C%C3%A8dre_de_l%27Atlas;https://commons.wikimedia.org/wiki/Cedrus_atlantica_%27Glauca%27;Ses aiguilles sont d'un bleu argenté spectaculaire. Astuce d'identification des cèdres : ses aiguilles sont groupées en rosettes (rosettes de plus de 20 aiguilles sur les rameaux courts) et ses cônes pointent vers le haut.;
"Cyprès ; Faux-cyprès de Lawson";Conifères;Cupressaceae;Chamaecyparis;lawsoniana;-;https://fr.wikipedia.org/wiki/Chamaecyparis_lawsoniana;https://commons.wikimedia.org/wiki/Chamaecyparis_lawsoniana;Pour ne pas le confondre avec le vrai cyprès : les ramelets de Chamaecyparis sont très aplatis, et le cône (galbule) est tout petit et sphérique (de la taille d'un pois).;
"Cryptomère ; Cèdre du Japon";Conifères;Cupressaceae-Taxodiaceae;Cryptomeria;japonica;-;https://fr.wikipedia.org/wiki/Cryptomeria_japonica;https://commons.wikimedia.org/wiki/Cryptomeria_japonica;Arbre national du Japon (nommé 'Sugi'), son bois imputrescible et odorant est traditionnellement utilisé pour la construction des temples. Son feuillage prend une teinte de bronze/rouille très caractéristique en hiver.;
Cyprès de Leyland;Conifères;Cupressaceae;Cupressocyparis;leylandii;-;https://fr.wikipedia.org/wiki/Cypr%C3%A8s_de_Leyland;https://commons.wikimedia.org/wiki/%C3%97_Cuprocyparis_leylandii;Hybride d'une croissance exceptionnelle (jusqu'à 1 mètre par an), c'est le roi des haies brise-vue rapides. Il est stérile et se multiplie uniquement par bouturage.;
Genévrier rampant;Conifères;Cupressaceae;Juniperus;horizontalis;-;https://fr.wikipedia.org/wiki/Juniperus_horizontalis;https://commons.wikimedia.org/wiki/Juniperus_horizontalis;Conifère prostré formant un véritable tapis végétal. Son feuillage écailleux vert-bleuté prend souvent une jolie coloration pourprée ou violacée sous l'effet du froid hivernal.;
"Epicéa ; Sapin de Noël";Conifères;Pinaceae;Picea;abies / excelsa;-;https://fr.wikipedia.org/wiki/%C3%89pic%C3%A9a_commun;https://commons.wikimedia.org/wiki/Picea_abies;Moyen mnémotechnique pour ne pas le confondre avec le sapin : 'L'Épicéa Pend (ses cônes tombent vers le bas), le Sapin Se dresse (ses cônes restent droits)'. De plus, ses aiguilles piquantes sont insérées tout autour du rameau.;
Pin noir;Conifères;Pinaceae;Pinus;nigra;-;https://fr.wikipedia.org/wiki/Pin_noir;https://commons.wikimedia.org/wiki/Pinus_nigra;Ses cônes sont très durs et ses aiguilles, regroupées par deux, sont longues, rigides et piques. Son écorce très sombre crevassée en larges plaques grises lui donne son nom de 'pin noir'.;
Cyprès chauve;Conifères;Cupressaceae-Taxodiaceae;Taxodium;distichum;-;https://fr.wikipedia.org/wiki/Cypr%C3%A8s_chauve;https://commons.wikimedia.org/wiki/Taxodium_distichum;L'un des rares conifères à perdre ses aiguilles en hiver (d'où son qualificatif de 'chauve'). Poussant en milieu aquatique ou marécageux, il développe d'étonnantes racines aériennes appelées pneumatophores pour respirer.;
If commun;Conifères;Taxaceae;Taxus;baccata;-;https://fr.wikipedia.org/wiki/If_commun;https://commons.wikimedia.org/wiki/Taxus_baccata;Toute la plante est extrêmement toxique (contenant de la taxine), à l'exception de la chair rouge vif de son fruit (l'arille). C'est un arbre à longévité exceptionnelle pouvant vivre plus de 1 000 ans.;
Thuya géant;Conifères;Cupressaceae;Thuja;plicata;'Atrovirens';https://fr.wikipedia.org/wiki/Thuya_g%C3%A9ant;https://commons.wikimedia.org/wiki/Thuja_plicata;Son feuillage aromatique dégage une odeur caractéristique de pomme ou de résine quand on le froisse. Ce cultivar 'Atrovirens' au feuillage vert foncé brillant est très utilisé en haie brise-vue.;
Abélie à grandes fleurs;Arbustes;Caprifoliaceae-Linnaeaceae;Abelia;grandiflora;-;https://fr.wikipedia.org/wiki/Abelia_%C3%97_grandiflora;https://commons.wikimedia.org/wiki/Abelia_%C3%97_grandiflora;Arbuscule remarquable pour sa floraison estivale et automnale très prolongée. Une fois les fleurs blanches/rosées tombées, ses calices pourpres persistent et restent très décoratifs.;
"Erable du Japon ; Erable japonais";Arbustes;Sapindaceae-Aceraceae;Acer;palmatum;-;https://fr.wikipedia.org/wiki/Acer_palmatum;https://commons.wikimedia.org/wiki/Acer_palmatum;Incontournable des jardins japonais, il se distingue par ses feuilles palmatilobées à 5, 7 ou 9 lobes profondément découpés qui prennent des teintes de rouge flamboyant à l'automne.;
Amélanchier;Arbustes;Rosaceae;Amelanchier;lamarckii;-;https://fr.wikipedia.org/wiki/Amelanchier_lamarckii;https://commons.wikimedia.org/wiki/Amelanchier_lamarckii;Arbuscule d'une grande valeur décorative 4 saisons : floraison blanche étoilée au printemps, jeunes pousses bronzées, baies comestibles bleu-noir en été (appréciées des oiseaux) et feuillage d'automne rouge cuivre.;
"Arbousier ; Arbre aux fraises";Arbustes;Ericaceae;Arbutus;unedo;-;https://fr.wikipedia.org/wiki/Arbousier;https://commons.wikimedia.org/wiki/Arbutus_unedo;Surnommé 'Arbre aux fraises' en raison de ses fruits rudes et rouges qui ressemblent à des fraises. Particularité rare : il porte en même temps les fleurs de l'année et les fruits mûrs issus de la floraison de l'année précédente.;
Epine-vinette Gagnepain;Arbustes;Berberidaceae;Berberis;gagnepainii;-;https://fr.wikipedia.org/wiki/Berberis_gagnepainii;https://commons.wikimedia.org/wiki/Berberis_gagnepainii;Arbuste persistant très défensif aux feuilles étroitement dentées et très piquantes. Il porte le nom du botaniste français François Gagnepain.;
Epine-vinette à feuilles étroites;Arbustes;Berberidaceae;Berberis;stenophylla;-;https://fr.wikipedia.org/wiki/Berberis_%C3%97_stenophylla;https://commons.wikimedia.org/wiki/Berberis_%C3%97_stenophylla;Hybride persistant très épineux aux fines feuilles vert sombre, produisant au printemps une floraison jaune d'or étincelante et très parfumée tout le long de ses rameaux arqués.;
Epine-vinette de Thunberg pourpre;Arbustes;Berberidaceae;Berberis;thunbergii;'Atropurpurea';https://fr.wikipedia.org/wiki/Berberis_thunbergii;https://commons.wikimedia.org/wiki/Berberis_thunbergii;Utilisé en haie défensive ou en massif pour son feuillage pourpre vif. Contrairement à Berberis vulgaris, ses baies rouges ne transmettent pas la rouille noire du blé.;
Arbre aux papillons;Arbustes;Scrophulariaceae-Buddlejaceae;Buddleja;davidii;-;https://fr.wikipedia.org/wiki/Buddleja_davidii;https://commons.wikimedia.org/wiki/Buddleja_davidii;Surnommé 'Arbre aux papillons' car ses longs épis floraux très mellifères attirent en masse les lépidoptères. Attention : il est classé comme espèce exotique envahissante dans plusieurs régions.;
"Callicarpe de bodinier ; Arbre aux bonbons ; Arbre à perles";Arbustes;Lamiaceae-Labiatae;Callicarpa;bodinieri;'Profusion';https://fr.wikipedia.org/wiki/Callicarpa_bodinieri;https://commons.wikimedia.org/wiki/Callicarpa_bodinieri;Surnommé 'Arbre aux bonbons' en raison de ses étonnants fruits d'un violet métallique très brillant regroupés en grappes, extrêmement décoratifs en automne et en hiver après la chute des feuilles.;
"Rince-bouteille ; Goupillon";Arbustes;Myrtaceae;Callistemon;viminalis;-;https://fr.wikipedia.org/wiki/Callistemon_viminalis;https://commons.wikimedia.org/wiki/Callistemon_viminalis;Ses fleurs rouge vif aux très longues étamines ressemblent à s'y méprendre à un rince-bouteille. Plante méditerranéenne très mellifère qui apprécie les expositions chaudes et ensoleillées.;
"Camélia d'automne ; Camélia de Noël";Arbustes;Theaceae;Camellia;sasanqua;-;https://fr.wikipedia.org/wiki/Camellia_sasanqua;https://commons.wikimedia.org/wiki/Camellia_sasanqua;Contrairement au Camellia japonica qui fleurit au printemps, le Camellia sasanqua fleurit à l'automne et au début de l'hiver, offrant des fleurs souvent simples, très parfumées et dont les pétales tombent un à un.;
"Caryoptéris de Clandon ; Barbe bleue";Arbustes;Lamiaceae-Labiatae;Caryopteris;x clandonensis;-;https://fr.wikipedia.org/wiki/Caryopteris_%C3%97_clandonensis;https://commons.wikimedia.org/wiki/Caryopteris_%C3%97_clandonensis;Petit arbuste précieux pour sa floraison bleu intense à la fin de l'été (août-septembre). Son feuillage caduc dégage un parfum aromatique poivré lorsqu'on le froisse.;
"Cognassier du Japon ; Cognassier 'Superbe'";Arbustes;Rosaceae;Chaenomeles;x superba;-;https://fr.wikipedia.org/wiki/Chaenomeles_%C3%97_superba;https://commons.wikimedia.org/wiki/Chaenomeles_%C3%97_superba;Arbuste défensif très précoce qui se couvre de fleurs rouge/rosé spectaculaires dès la fin de l'hiver, avant même l'apparition des feuilles. Ses petits fruits ressemblent à de petits coings aromatiques.;
Oranger du Mexique;Arbustes;Rutaceae;Choisya;ternata;-;https://fr.wikipedia.org/wiki/Choisya_ternata;https://commons.wikimedia.org/wiki/Choisya_ternata;Feuillage persistant composé de 3 folioles vert brillant. Quand on froisse ses feuilles ou lors de sa floraison printanière blanche, il dégage une délicieuse odeur de fleur d'oranger.;
Cordyline d'Australie;Arbustes;Asparagaceae-Agavaceae-Lomandraceae-Dracaenaceae;Cordyline / Draceana;australis;-;https://fr.wikipedia.org/wiki/Cordyline_australis;https://commons.wikimedia.org/wiki/Cordyline_australis;Bien que ressemblant à un palmier, c'est une plante proche des agaves. Elle forme une rosette de longues feuilles rubanées et résiste très bien aux embruns de bord de mer.;
Cornouiller panaché blanc;Arbustes;Cornaceae;Cornus;alba;'Elegantissima' / 'Argenteomarginata';https://fr.wikipedia.org/wiki/Cornus_alba;https://commons.wikimedia.org/wiki/Cornus_alba_%27Elegantissima%27;Remarquable en hiver grâce à ses jeunes rameurs rouge corail vif sans feuilles. Son feuillage bordé de blanc/argent apporte une touche très lumineuse en été.;
Cornouiller du Japon;Arbustes;Cornaceae;Cornus;kousa;-;https://fr.wikipedia.org/wiki/Cornus_kousa;https://commons.wikimedia.org/wiki/Cornus_kousa;Arbuste asiatique aux grandes bractées blanches étincelantes à la fin du printemps. Ses fruits rouges sphériques et pendants ressemblent à de petites fraises ou framboises.;
"Cornouiller mâle ; Corbier, Cornier";Arbustes;Cornaceae;Cornus;mas;-;https://fr.wikipedia.org/wiki/Cornus_mas;https://commons.wikimedia.org/wiki/Cornus_mas;Floraison jaune très précoce en fin d'hiver (février-mars) avant le débourrement. Ses petits fruits rouges ovoïdes (les cornouilles) sont comestibles et acidulés une fois très mûrs.;
Noisetier tortueux;Arbustes;Betulaceae-Corylaceae;Corylus;avellana;-;https://fr.wikipedia.org/wiki/Corylus_avellana;https://commons.wikimedia.org/wiki/Corylus_avellana_%27Contorta%27;Cultivar 'Contorta' aux branches curieusement torsadées en tire-bouchon. Très spectaculaire en hiver quand l'architecture nue des rameaux est mise à nu avec ses chatons pendants.;
Arbre à perruques pourpre;Arbustes;Anacardiaceae;Cotinus;coggygria;'Royal Purple';https://fr.wikipedia.org/wiki/Cotinus_coggygria;https://commons.wikimedia.org/wiki/Cotinus_coggygria_%27Royal_Purple%27;Surnommé 'Arbre à perruques' en raison de ses inflorescences plumeuses et vaporeuses rose-pourpré en été qui ressemblent à de la fumée ou à des perruques. Feuillage pourpre intense.;
Cotonéaster (Cotonéastre) de Franchet;Arbustes;Rosaceae;Cotoneaster;franchetii;-;https://fr.wikipedia.org/wiki/Cotoneaster_franchetii;https://commons.wikimedia.org/wiki/Cotoneaster_franchetii;Arbuste semi-persistant aux baies orange-rouge très abondantes en automne, très prisées des oiseaux. Le revers de ses petites feuilles est recouvert d'un duvet feutré argenté.;
Cotonéaster rampant;Arbustes;Rosaceae;Cotoneaster;-;-;https://fr.wikipedia.org/wiki/Cotoneaster;https://commons.wikimedia.org/wiki/Cotoneaster;Excellents arbustes couvre-sol étalés qui épousent le relief du sol ou les murets, se couvrant de petites fleurs blanches au printemps puis de baies rouges décoratives en automne.;
"Genêt à balais ; Brande";Arbustes;Fabaceae-Leguminosae-Papilionaceae;Cytisus;scoparius;-;https://fr.wikipedia.org/wiki/Cytisus_scoparius;https://commons.wikimedia.org/wiki/Cytisus_scoparius;Abondante floraison jaune vif au printemps en forme de papillon. Ses rameaux verts restent photosynthétiques toute l'année. Utilisé autrefois pour fabriquer des balais rigides.;
Deutzie hybride;Arbustes;Hydrangeaceae;Deutzia;x;-;https://fr.wikipedia.org/wiki/Deutzia;https://commons.wikimedia.org/wiki/Deutzia;Arbuste printanier à la floraison généreuse en clochettes ou étoiles blanches parfois teintées de rose. Écorce s'exfoliant en lanières avec l'âge.;
Chalef de Ebbinge;Arbustes;Elaeagnaceae;Elaeagnus;x ebbingei;-;https://fr.wikipedia.org/wiki/Elaeagnus_%C3%97_ebbingei;https://commons.wikimedia.org/wiki/Elaeagnus_%C3%97_ebbingei;Arbuste de haie persistant ultra-résistant. Le revers de ses feuilles coriaces est piqueté de squames argentées et dorées. Ses petites fleurs d'automne sont très discrètes mais extrêmement parfumées.;
"Bruyère des Alpes ; Bruyère des neiges";Arbustes;Ericaceae;Erica;carnea;-;https://fr.wikipedia.org/wiki/Erica_carnea;https://commons.wikimedia.org/wiki/Erica_carnea;Bruyère d'hiver particulièrement rustique capable de fleurir sous la neige de janvier à avril. Tolère contrairement à d'autres bruyères les sols légèrement calcaires.;
"Néflier du Japon ; Bibacier";Arbustes;Rosaceae;Eriobotrya;japonica;-;https://fr.wikipedia.org/wiki/Eriobotrya_japonica;https://commons.wikimedia.org/wiki/Eriobotrya_japonica;Arbre fruité aux grandes feuilles persistant gondolées et nervurées. Il fleurit en automne (fleurs parfumées) et mûrit ses fruits juteux (les bibaces) au tout début de l'été.;
Fusain du Japon;Arbustes;Celastraceae;Euonymus;japonicus;-;https://fr.wikipedia.org/wiki/Euonymus_japonicus;https://commons.wikimedia.org/wiki/Euonymus_japonicus;Arbuste persistant très rustique idéal en haie ou en topiaire. Ses petites feuilles coriaces bordées ou non de jaune résistent particulièrement bien aux vents forts et aux embruns.;
"Forsythia ; Mimosa de Paris";Arbustes;Oleaceae;Forsythia;x intermedia;-;https://fr.wikipedia.org/wiki/Forsythia;https://commons.wikimedia.org/wiki/Forsythia_%C3%97_intermedia;L'un des premiers symboles du printemps avec sa floraison jaune d'or éblouissante sur bois nu dès le mois de mars. Surnommé 'Mimosa de Paris'.;
"Hamamélis mou ; Hamamélis de Chine";Arbustes;Hamamelidaceae;Hamamelis;mollis;-;https://fr.wikipedia.org/wiki/Hamamelis_mollis;https://commons.wikimedia.org/wiki/Hamamelis_mollis;Surnommé 'Noisetier des sorcières'. Ses fleurs aux pétales en lanières jaunes apparaissent au cœur de l'hiver sur les rameaux nus et diffusent un parfum très puissant.;
"Hibiscus de Syrie ; Althéa";Arbustes;Malvaceae;Hibiscus;syriacus;-;https://fr.wikipedia.org/wiki/Hibiscus_syriacus;https://commons.wikimedia.org/wiki/Hibiscus_syriacus;Aussi appelé Althéa ou Mauve en arbre. Il fleurit généreusement tout l'été de juillet à septembre avec de grandes fleurs éphémères ressemblant à celles de la mauve.;
Argousier faux-nerprun;Arbustes;Elaeagnaceae;Hippophae;rhamnoides;-;https://fr.wikipedia.org/wiki/Hippophae_rhamnoides;https://commons.wikimedia.org/wiki/Hippophae_rhamnoides;Arbuste épineux des dunes et berges. Seules les pieds femelles portent les baies orange vif extrêmement riches en vitamine C (30 fois plus que l'orange) serrées le long des rameaux.;
Hortensia à grandes fleurs;Arbustes;Hydrangeaceae;Hydrangea;macrophylla;-;https://fr.wikipedia.org/wiki/Hydrangea_macrophylla;https://commons.wikimedia.org/wiki/Hydrangea_macrophylla;L'élément phare des jardins bretons ! La couleur de ses fleurs (du rose vif au bleu foncé/violet) dépend directement de l'acidité et de la présence d'aluminium assimilable dans le sol.;
Millepertuis arbustif;Arbustes;Hypericaceae-Clusiaceae;Hypericum;hookerianum;-;https://fr.wikipedia.org/wiki/Hypericum_hookerianum;https://commons.wikimedia.org/wiki/Hypericum_hookerianum;Arbuste trapu et vigoureux se couvrant en été de grandes fleurs coupe jaune d'or aux étamines bien visibles, très décoratif dans les massifs mi-ombragés.;
Houx créné;Arbustes;Aquifoliaceae;Ilex;crenata;-;https://fr.wikipedia.org/wiki/Ilex_crenata;https://commons.wikimedia.org/wiki/Ilex_crenata;Ressemble à s'y méprendre à un Buis, mais ses feuilles sont alternes (et non opposées) avec de légères dentelures. Il est souvent utilisé comme alternative au buis car insensible à la pyrale.;
Corête du Japon;Arbustes;Rosaceae;Kerria;japonica;-;https://fr.wikipedia.org/wiki/Kerria_japonica;https://commons.wikimedia.org/wiki/Kerria_japonica;Arbuste très vigoureux à la floraison printanière jaune d'or étincelante (souvent en pompons). Ses rameaux vert vif restent très décoratifs même en hiver.;
"Laurier sauce ; Laurier d'Apollon ; Laurier noble";Arbustes;Lauraceae;Laurus;nobilis;-;https://fr.wikipedia.org/wiki/Laurier_sauce;https://commons.wikimedia.org/wiki/Laurus_nobilis;Symbole de victoire dans l'Antiquité (couronne de laurier). C'est le vrai laurier aromatique utilisé en cuisine dans le bouquet garni (à ne pas confondre avec le laurier-rose toxique).;
"Lavande vraie ; Lavande officinale";Arbustes;Lamiaceae-Labiatae;Lavandula;angustifolia / officinalis;-;https://fr.wikipedia.org/wiki/Lavandula_angustifolia;https://commons.wikimedia.org/wiki/Lavandula_angustifolia;"Plante emblématique de la Provence. Ses fleurs bleu-violet très odorantes sont utilisées en parfumerie et en tisane ; ses tiges sont de bois dur très apprécié des abeilles.";
"Arbre aux faisans ; Leycester élégant";Arbustes;Caprifoliaceae;Leycesteria;formosa;-;https://fr.wikipedia.org/wiki/Leycesteria_formosa;https://commons.wikimedia.org/wiki/Leycesteria_formosa;Surnommé 'Arbre aux faisans' car ses baies pourpres juteuses au goût de caramel ou de figue sur-mûrie sont un mets très recherché par le gibier et les oiseaux.;
Troène de Californie;Arbustes;Oleaceae;Ligustrum;ovalifolium;-;https://fr.wikipedia.org/wiki/Ligustrum_ovalifolium;https://commons.wikimedia.org/wiki/Ligustrum_ovalifolium;Le grand classique des haies taillées rigides. Très tolérant à la taille sévère et à la pollution, il produit en été des grappes de fleurs blanches odorantes puis de petites baies noires.;
Chèvrefeuille rampant;Arbustes;Caprifoliaceae;Lonicera;nitida;'Maigrün';https://fr.wikipedia.org/wiki/Lonicera_nitida;https://commons.wikimedia.org/wiki/Lonicera_nitida;Arbuste persistant à petites feuilles brillantes. Souvent utilisé en couvre-sol ou en bordure comme alternative au buis grâce à sa pousse rapide et sa grande facilité de taille.;
Mahonia à feuilles de houx;Arbustes;Berberidaceae;Mahonia;aquifolium;-;https://fr.wikipedia.org/wiki/Mahonia_aquifolium;https://commons.wikimedia.org/wiki/Mahonia_aquifolium;Arbuste persistant au feuillage piquant rappelant le houx. Ses fleurs jaunes printanières laissent place à des grappes de baies bleues pruineuses comestibles une fois cuites.;
Mahonia d'hiver;Arbustes;Berberidaceae;Mahonia;x media;-;https://fr.wikipedia.org/wiki/Mahonia_%C3%97_media;https://commons.wikimedia.org/wiki/Mahonia_%C3%97_media;Spectaculaire floraison hivernale (de novembre à février) en longs épis jaune citron très parfumés au sommet d'un feuillage persistant très coriace et épineux.;
Bambou sacré;Arbustes;Berberidaceae;Nandina;domestica;-;https://fr.wikipedia.org/wiki/Nandina_domestica;https://commons.wikimedia.org/wiki/Nandina_domestica;Surnommé 'Bambou sacré' bien que ce ne soit pas du tout un bambou. Ses jeunes pousses sont pourpres, ses baies d'un rouge vif persistent tout l'hiver et ses feuilles virant au rouge en saison froide.;
Olivier d'Europe;Arbustes;Oleaceae;Olea;europaea;-;https://fr.wikipedia.org/wiki/Olea_europaea;https://commons.wikimedia.org/wiki/Olea_europaea;Symbole de la Méditerranée et de paix. Cet arbre au feuillage argenté persistant et à la longévité millénaire produit les olives et supporte très bien la sécheresse.;
Pivoine en arbre;Arbustes;Paeoniaceae;Paeonia;suffruticosa;-;https://fr.wikipedia.org/wiki/Paeonia_suffruticosa;https://commons.wikimedia.org/wiki/Paeonia_suffruticosa;Arbuste à tiges ligneuses portant au printemps de gigantesques fleurs solitaires (jusqu'à 20-25 cm de diamètre) très spectaculaires aux couleurs variées et délicatement parfumées.;
"Sauge russe ; Sauge d'Afghanistan";Arbustes;Lamiaceae-Labiatae;Perovskia;atriplicifolia;-;https://fr.wikipedia.org/wiki/Salvia_yangii;https://commons.wikimedia.org/wiki/Salvia_yangii;Aussi appelé Sauge russe (désormais reclassé dans le genre Salvia). Son feuillage gris-argenté très aromatique et sa floraison bleu-lavande estivale légère apportent un effet très vaporeux.;
Seringat;Arbustes;Hydrangeaceae;Philadelphus;x;-;https://fr.wikipedia.org/wiki/Seringat;https://commons.wikimedia.org/wiki/Philadelphus;Surnommé 'Poète des jardins' ou 'Faux jasmin' en raison du parfum intense de fleur d'oranger que dégagent ses fleurs blanches à quatre pétales au début de l'été.;
Photinia de Fraser;Arbustes;Rosaceae;Photinia;fraseri;'Red Robin';https://fr.wikipedia.org/wiki/Photinia_%C3%97_fraseri;https://commons.wikimedia.org/wiki/Photinia_%C3%97_fraseri_%27Red_Robin%27;L'incontournable des haies champêtres et modernes ! Ses jeunes pousses de printemps affichent un rouge rutilant spectaculaire avant de virer au vert foncé brillant.;
Pittospore de Nouvelle-Zélande;Arbustes;Pittosporaceae;Pittosporum;tenuifolium;-;https://fr.wikipedia.org/wiki/Pittosporum_tenuifolium;https://commons.wikimedia.org/wiki/Pittosporum_tenuifolium;Arbuste néo-zélandais aux jeunes tiges noires et au feuillage ondulé très esthétique. Ses fleurs sombres nocturnes diffusent un parfum puissant de miel à la tombée du jour.;
Potentille arbustive;Arbustes;Rosaceae;Potentilla;fruticosa;-;https://fr.wikipedia.org/wiki/Potentilla_fruticosa;https://commons.wikimedia.org/wiki/Dasiphora_fruticosa;Arbuste très florifère et rustique produisant une multitude de petites fleurs à 5 pétales (jaunes, blanches ou roses) du printemps jusqu'aux premières gelées d'automne.;
"Laurier du Caucase ; Laurier cerise ; Laurier palme";Arbustes;Rosaceae;Prunus;laurocerasus;-;https://fr.wikipedia.org/wiki/Prunus_laurocerasus;https://commons.wikimedia.org/wiki/Prunus_laurocerasus;Arbuste de haie persistant très répandu aux grandes feuilles vert foncé vernissées. Attention : toutes les parties de la plante (hors chair du fruit) contiennent du cyanure et sont toxiques.;
Laurier du Portugal;Arbustes;Rosaceae;Prunus;lusitanica;-;https://fr.wikipedia.org/wiki/Prunus_lusitanica;https://commons.wikimedia.org/wiki/Prunus_lusitanica;Se distingue du Laurier-cerise par ses jeunes tiges rouges et ses feuilles plus étroites, dentées et luisantes. Ses fleurs blanches en grappes dressées sont très parfumées.;
Buisson ardent;Arbustes;Rosaceae;Pyracantha;x;-;https://fr.wikipedia.org/wiki/Pyracantha;https://commons.wikimedia.org/wiki/Pyracantha;Surnommé 'Buisson ardent' pour ses épines redoutables et ses innombrables baies colorées (rouges, orange ou jaunes) qui recouvrent littéralement l'arbuste en automne et en hiver.;
Azalée japonaise;Arbustes;Ericaceae;Rhododendron / Azalea;japonicum / japonica;- et hybrides;https://fr.wikipedia.org/wiki/Rhododendron;https://commons.wikimedia.org/wiki/Rhododendron;Plante de terre de bruyère par excellence, préférant les sols acides et l'ombre. Elle se couvre d'une floraison printanière éblouissante aux coloris denses et variés.;
Azalée caduque;Arbustes;Ericaceae;Rhododendron / Azalea;molle / mollis;- et hybrides;https://fr.wikipedia.org/wiki/Symphoricarpos_albus;https://commons.wikimedia.org/wiki/Symphoricarpos_albus;Surnommée 'Arbre aux perles' en raison de ses baies blanches spongieuses qui persistent tout l'hiver et claquent sous le pied quand on marche dessus.;
Romarin;Arbustes;Lamiaceae;Rosmarinus;officinalis;-;https://fr.wikipedia.org/wiki/Syringa_vulgaris;https://commons.wikimedia.org/wiki/Syringa_vulgaris;Arbuste très populaire pour sa floraison printanière généreuse et très parfumée. Ses fleurs mauves, violettes ou blanches sont comestibles.;
Sarcococca humilis;Arbustes;Buxaceae;Sarcococca;hookeriana;var. humilis;https://fr.wikipedia.org/wiki/Tamarix;https://commons.wikimedia.org/wiki/Tamarix_ramosissima;Arbuste au feuillage très fin ressemblant à des bruyères, produisant une floraison rose plumeuse et légère. Extrêmement résistant au vent et aux sels marins.;
Thym cultivé ou Farigoule;Arbustes;Lamiaceae;Thymus;vulgaris;-;https://fr.wikipedia.org/wiki/Daphne_odora;https://commons.wikimedia.org/wiki/Daphne_odora;L'un des arbustes les plus puissamment parfumés au cœur de l'hiver (février-mars), offrant des fleurs rosées et un feuillage persistant bordé de crème.;
Groseillier sanguin à fleurs;Arbustes;Grossulariaceae;Ribes;sanguineum;-;https://fr.wikipedia.org/wiki/Viburnum_%C3%97bodnantense;https://commons.wikimedia.org/wiki/Viburnum_%C3%97bodnantense;Fleurit sur bois nu de novembre à mars en petits bouquets de fleurs rose tendre exhalant un parfum sucré de vanille et de girofle résistant au gel.;
Rosier du Japon;Arbustes;Rosaceae;Rosa;rugosa;-;https://fr.wikipedia.org/wiki/Viburnum_opulus;https://commons.wikimedia.org/wiki/Viburnum_opulus_%27Roseum%27;Nommé 'Boule de neige' en raison de ses inflorescences sphériques blanches spectaculaires en mai. Son feuillage prend de magnifiques teintes automnales.;
Saule crevette;Arbustes;Salicaceae;Salix;integra;'Hakuro Nishiki';https://fr.wikipedia.org/wiki/Viburnum_plicatum;https://commons.wikimedia.org/wiki/Viburnum_plicatum;Port étagé horizontal caractéristique très graphique, se couvrant au printemps d'une double rangée d'inflorescences d'un blanc pur le long des branches.;
Sureau noir;Arbustes;Adoxaceae-Caprifoliaceae;Sambucus;nigra;-;https://fr.wikipedia.org/wiki/Viburnum_tinus;https://commons.wikimedia.org/wiki/Viburnum_tinus;Incontournable des haies méditerranéennes et régionales, à feuillage persistant, fleurissant tout l'hiver avant de donner de petites baies bleues métalliques.;
Spirée japonaise;Arbustes;Rosaceae;Spiraea;japonica;-;https://fr.wikipedia.org/wiki/Weigela_florida;https://commons.wikimedia.org/wiki/Weigela_florida;Arbuste très florifère en entonnoirs rose-pourpre au printemps, le cultivar 'Alexandra' se distingue par son feuillage pourpre sombre très décoratif.;
Symphorine;Arbustes;Caprifoliaceae;Symphoricarpos;x doorenbosii;-;https://fr.wikipedia.org/wiki/Yucca_filamentosa;https://commons.wikimedia.org/wiki/Yucca_filamentosa;Feuillage persistant raide bordé de fils effilochés, produisant en été une spectaculaire hampe florale dressée pouvant dépasser 1,50 m de hauteur.;
Lilas commun;Arbustes;Oleaceae;Syringa;vulgaris;-;https://fr.wikipedia.org/wiki/Kiwi_(fruit);https://commons.wikimedia.org/wiki/Actinidia_deliciosa;Liane fruitière vigoureuse originaire de Chine. Bien que généralement dioïque, le cultivar 'Solissimo' est autofertile et produit seul des fruits sucrés.;
"Viorne boule de neige ; Viorne Obier";Arbustes;Adoxaceae-Caprifoliaceae;Viburnum;opulus;-;https://fr.wikipedia.org/wiki/Clematis_armandii;https://commons.wikimedia.org/wiki/Clematis_armandii;L'une des rares clématites à feuillage persistant coriace, très précoce (mars-avril) offrant une profusion de fleurs blanches délicatement parfumées à la fleur d'oranger.;
Laurier-tin;Arbustes;Adoxaceae-Caprifoliaceae;Viburnum;tinus;-;https://fr.wikipedia.org/wiki/Clematis_montana;https://commons.wikimedia.org/wiki/Clematis_montana;Grimpante d'une vigueur exceptionnelle capable de recouvrir rapidement un mur ou un arbre sous une avalanche de petites fleurs rose pâle parfumées à la vanille.;
Weigélia;Arbustes;Caprifoliaceae;Weigela;x;-;https://fr.wikipedia.org/wiki/Hedera_helix;https://commons.wikimedia.org/wiki/Hedera_helix;Plante crampon précieuse pour la biodiversité : il fleurit en automne quand il n'y a plus d'autres fleurs et nourrit les oiseaux en hiver avec ses baies.;
Clématite;Plantes grimpantes;Ranunculaceae;Clematis;x;-;https://fr.wikipedia.org/wiki/Hydrangea_anomala;https://commons.wikimedia.org/wiki/Hydrangea_anomala;S'accroche seul aux murs grâce à ses racines crampons. Idéal pour ombrager un mur au nord grâce à sa floraison estivale en ombelles blanches vaporeuses.;
Hortensia grimpant;Plantes grimpantes;Hydrangeaceae;Hydrangea;anomala;subsp. petiolaris;https://fr.wikipedia.org/wiki/Jasminum_nudiflorum;https://commons.wikimedia.org/wiki/Jasminum_nudiflorum;Fleurit en petites étoiles jaune vif le long de ses tiges vertes entièrement nues de décembre à mars, bravant la neige et le froid sans difficulté.;
Chèvrefeuille du Japon;Plantes grimpantes;Caprifoliaceae;Lonicera;japonica;-;https://fr.wikipedia.org/wiki/Jasminum_officinale;https://commons.wikimedia.org/wiki/Jasminum_officinale;Liane légendaire de la parfumerie dont les petites fleurs blanches très odorantes diffusent un parfum puissant et envoûtant durant tout l'été.;
"Fleur de la passion ; Passiflore bleue";Plantes grimpantes;Passifloraceae;Passiflora;caerulea;-;https://fr.wikipedia.org/wiki/Lonicera_japonica;https://commons.wikimedia.org/wiki/Lonicera_japonica;Grimpante très vigoureuse au feuillage semi-persistant dont les fleurs tubulaires passent du blanc au jaune en exhalant un parfum suave particulièrement intense le soir.;
"Jasmin étoilé ; Faux jasmin ; Trachelosperme";Plantes grimpantes;Apocynaceae;Trachelospermum;jasminoides;-;https://fr.wikipedia.org/wiki/Parthenocissus_tricuspidata;https://commons.wikimedia.org/wiki/Parthenocissus_tricuspidata;S'accroche solidement aux façades grâce à de petites ventouses sans abîmer les murs. Son feuillage prend une couleur rouge écarlate flamboyante en automne.;
Glycine de Chine;Plantes grimpantes;Fabaceae-Leguminosae-Papilionaceae;Wisteria;sinensis;-;https://fr.wikipedia.org/wiki/Passiflora_caerulea;https://commons.wikimedia.org/wiki/Passiflora_caerulea;Fleur complexe et spectaculaire dont les différentes parties symbolisent pour la tradition chrétienne les instruments de la Passion du Christ.;
Kiwi;Arbres et arbustes fruitiers;Actinidiaceae;Actinidia;chinensis;Nombreuses variétés;https://fr.wikipedia.org/wiki/Trachelospermum_jasminoides;https://commons.wikimedia.org/wiki/Trachelospermum_jasminoides;Aussi appelé 'Faux jasmin', c'est une liane persistante aux feuilles coriaces vert sombre brillant. Ses fleurs en hélice blanche dégagent un parfum intense de jasmin tout l'été.;
Figuier;Arbres et arbustes fruitiers;Moraceae;Ficus;carica;Nombreuses variétés;https://fr.wikipedia.org/wiki/Glycine_(plante);https://commons.wikimedia.org/wiki/Wisteria_sinensis;Spectaculaire liane ligneuse produisant au printemps de très longues grappes pendantes bleu-violet parfumées. Ses tiges s'enroulent autour de leur support dans le sens inverse des aiguilles d'une montre.;
Pommier;Arbres et arbustes fruitiers;Rosaceae;Malus;domestica / pumila;Nombreuses variétés;https://fr.wikipedia.org/wiki/Acanthus_mollis;https://commons.wikimedia.org/wiki/Acanthus_mollis;Ses grandes feuilles découpées et luisantes ont inspiré le motif du chapiteau corinthien dans l'architecture grecque antique. Elle produit en été de hautes hampes florales denses.;
"Cerisier acide ; Cerisier aigre ; Griottier";Arbres et arbustes fruitiers;Rosaceae;Prunus;cerasus;Nombreuses variétés;https://fr.wikipedia.org/wiki/Achillea_millefolium;https://commons.wikimedia.org/wiki/Achillea_millefolium;Son nom vient du héros grec Achille, qui l'aurait utilisée lors de la guerre de Troie pour soigner les blessures de ses soldats grâce à ses vertus hémostatiques.;
Framboisier;Arbres et arbustes fruitiers;Rosaceae;Rubus;idaeus;Nombreuses variétés;https://fr.wikipedia.org/wiki/An%C3%A9mone_du_Japon;https://commons.wikimedia.org/wiki/Anemone_x_hybrida;Incontournable des massifs d'automne, cette vivace vigoureuse dresse de grandes tiges portant de délicates fleurs blanc pur avec un cœur d'étamines jaunes de fin d'été jusqu'aux gelées.;
Vigne;Arbres et arbustes fruitiers;Vitaceae;Vitis;vinifera;Nombreuses variétés;https://fr.wikipedia.org/wiki/Aquilegia_vulgaris;https://commons.wikimedia.org/wiki/Aquilegia_vulgaris;Aussi appelée 'Gant de Notre-Dame', ses fleurs curieuses à éperons se resement très facilement au jardin, créant de belles surprises d'une année sur l'autre.;
Agapanthe;Plantes vivaces;Amaryllidaceae-Alliaceae-Agapanthaceae;Agapanthus;africanus;-;https://fr.wikipedia.org/wiki/Symphyotrichum_novae-angliae;https://commons.wikimedia.org/wiki/Symphyotrichum_novae-angliae;Célèbre pour sa floraison automnale lumineuse en marguerites rose magenta qui attirent les derniers papillons avant l'hiver. Très résistant à l'oïdium.;
"Rose trémière ; Passe-rose ; Alcée rose";Plantes vivaces;Malvaceae;Alcea;rosea;-;https://fr.wikipedia.org/wiki/Bergenia_cordifolia;https://commons.wikimedia.org/wiki/Bergenia_cordifolia;Surnommé 'Plante du savetier' car ses grandes feuilles épaisses et coriaces étaient autrefois utilisées pour frotter et faire briller le cuir. Fleurit dès la fin de l'hiver.;
"Armérie maritime ; Gazon d'Espagne";Plantes vivaces;Plumbaginaceae;Armeria;maritima;-;https://fr.wikipedia.org/wiki/Brunnera_macrophylla;https://commons.wikimedia.org/wiki/Brunnera_macrophylla;Superbe vivace d'ombre avec un feuillage argenté nervuré de vert et une délicate floraison printanière bleue rappelant celle du myosotis.;
"Fougère scolopendre ; Scolopendre";Plantes vivaces;Aspleniaceae;Asplenium / Phyllitis;scolopendrium;-;https://fr.wikipedia.org/wiki/Campanula_portenschlagiana;https://commons.wikimedia.org/wiki/Campanula_portenschlagiana;Plante couvre-sol très rustique et vigoureuse se glissant dans les fissures de murets ou de dallages pour former une cascade de clochettes violettes de mai à juillet.;
Astilbe;Plantes vivaces;Saxifragaceae;Astilbe;x arendsii;-;https://fr.wikipedia.org/wiki/Echinacea_purpurea;https://commons.wikimedia.org/wiki/Echinacea_purpurea;Plante médicinale majeure issue de la médecine traditionnelle amérindienne, reconnaissable à ses grandes marguerites roses au cœur hérissé comme un hérisson.;
Aubriète;Plantes vivaces;Brassicaceae-Cruciferae;Aubrieta;deltoidea;-;https://fr.wikipedia.org/wiki/Euphorbia_characias;https://commons.wikimedia.org/wiki/Euphorbia_characias;Vivace structurante au feuillage persistant bleu-vert, portant d'imposantes inflorescences sphériques vert-jaune au printemps. Attention : sa sève (latex) est irritante.;
"Plante des savetiers ; Bergénie à feuilles cordées";Plantes vivaces;Saxifragaceae;Bergenia;cordifolia;-;https://fr.wikipedia.org/wiki/Geranium;https://commons.wikimedia.org/wiki/Geranium;Considéré comme l'un des meilleurs géraniums vivaces au monde : il fleurit sans interruption de mai jusqu'aux premières gelées avec de magnifiques fleurs bleu-violet à cœur blanc.;
Campanule;Plantes vivaces;Campanulaceae;Campanula;portenschlagiana / muralis;-;https://fr.wikipedia.org/wiki/Helleborus_niger;https://commons.wikimedia.org/wiki/Helleborus_niger;L'une des rares plantes à fleurir en plein cœur de l'hiver, autour de Noël. Malgré son nom 'niger' (noir) qui désigne la couleur de ses racines, ses fleurs sont d'un blanc pur.;
"Valériane rouge ; Centranthe rouge ; Lilas d'Espagne";Plantes vivaces;Caprifoliaceae-Valerianaceae;Centranthus;ruber;-;https://fr.wikipedia.org/wiki/Heuchera;https://commons.wikimedia.org/wiki/Heuchera;Surnommée 'Désespoir des peintres' en raison de la finesse et du foisonnement de ses petites clochettes florales vaporeuses très difficiles à restituer en peinture.;
Œillet mignardise;Plantes vivaces;Caryophyllaceae;Dianthus;plumarius;-;https://fr.wikipedia.org/wiki/Hosta;https://commons.wikimedia.org/wiki/Hosta;Plante reine des massifs d'ombre pour son feuillage spectaculaire opulant, gaufré et bleuté. Attention : les limaces et escargots en raffolent au printemps !;
Digitale pourpre;Plantes vivaces;Plantaginaceae-Scrophulariaceae;Digitalis;purpurea;-;https://fr.wikipedia.org/wiki/Iris_germanica;https://commons.wikimedia.org/wiki/Iris_germanica;Plante emblématique à rhizome poussant au ras du sol. Ses fleurs majestueuses à 3 pétale dressés et 3 sépales retombants ont inspiré la fleur de lys des rois de France.;
"Euphorbe characias ; Euphorbe des garrigues";Plantes vivaces;Euphorbiaceae;Euphorbia;characias;-;https://fr.wikipedia.org/wiki/Lavandula_stoechas;https://commons.wikimedia.org/wiki/Lavandula_stoechas;Se distingue de la lavande vraie par ses épis floraux surmontés de grandes bractées violettes ressemblant à de petits papillons. Préfère les sols acides ou siliceux.;
Gaura;Plantes vivaces;Onagraceae;Gaura;lindheimeri;-;https://fr.wikipedia.org/wiki/Ceratostigma_plumbaginoides;https://commons.wikimedia.org/wiki/Ceratostigma_plumbaginoides;Excellent couvre-sol offrant un contraste saisissant en automne : de petites fleurs bleu azur intenses s'épanouissent au milieu d'un feuillage virant au rouge flamboyant.;
Géranium vivace;Plantes vivaces;Geraniaceae;Geranium;Nombreuses espèces;-;https://fr.wikipedia.org/wiki/Nepeta;https://commons.wikimedia.org/wiki/Nepeta;Surnommé 'Herbe aux chats' car les félins adorent se rouler dedans en raison des molécules aromatiques euphorisantes qu'elle dégage. Floraison bleu lavande très longue.;
"Hellébore orientale ; Rose de carême";Plantes vivaces;Ranunculaceae;Helleborus;orientalis;-;https://fr.wikipedia.org/wiki/Paeonia_lactiflora;https://commons.wikimedia.org/wiki/Paeonia_lactiflora;Magnifique vivace herbacée offrant au printemps d'imposantes fleurs très douces et délicatement parfumées, très prisées en fleuristerie.;
Heuchère;Plantes vivaces;Saxifragaceae;Heuchera;x;-;https://fr.wikipedia.org/wiki/Papaver_orientale;https://commons.wikimedia.org/wiki/Papaver_orientale;Grandes fleurs spectaculaires en coupe de soie froissée rouge vif avec un cœur noir intense au printemps. La plante entre en repos et disparaît en été.;
Hosta;Plantes vivaces;Asparagaceae-Hostaceae;Hosta;Nombreuses espèces;-;https://fr.wikipedia.org/wiki/Phlomis_russeliana;https://commons.wikimedia.org/wiki/Phlomis_russeliana;Inflorescences originales en verticilles étagés de fleurs jaune doux le long de tiges raides qui restent très décoratives en hiver une fois séchées.;
Iris des jardins;Plantes vivaces;Iridaceae;Iris;germanica;-;https://fr.wikipedia.org/wiki/Penstemon;https://commons.wikimedia.org/wiki/Penstemon;Floraison généreuse et continue de juin aux gelées en petites clochettes ou trompettes très appréciées des bêtes pollinisatrices.;
Cœur de Marie;Plantes vivaces;Papaveraceae;Lamprocapnos;spectabilis;-;https://fr.wikipedia.org/wiki/Phlox_paniculata;https://commons.wikimedia.org/wiki/Phlox_paniculata;Grande vivace de massif estival produisant de denses bouquets ronds de fleurs très parfumées attirant papillons et syrphes.;
Grande marguerite;Plantes vivaces;Asteraceae-Compositae;Leucanthemum;maximum;-;https://fr.wikipedia.org/wiki/Potentilla;https://commons.wikimedia.org/wiki/Potentilla;Vivace rustique formant une touffe étalée se couvrant tout l'été de petites fleurs à 5 pétales carmin au cœur plus sombre.;
"Phlox rampant ; Phlox mousse";Plantes vivaces;Polemoniaceae;Phlox;subulata;-;https://fr.wikipedia.org/wiki/Primula_vulgaris;https://commons.wikimedia.org/wiki/Primula_vulgaris;Symbole du renouveau printanier ('prima rosa', première rose), elle fleurit dès la fin de l'hiver dans les sous-bois et talus.;
"Sedum d'automne ; Sedum remarquable";Plantes vivaces;Crassulaceae;Sedum;spectabile;-;https://fr.wikipedia.org/wiki/Rudbeckia;https://commons.wikimedia.org/wiki/Rudbeckia_fulgida;Une incontournable des massifs de fin d'été : ses marguerites jaune d'or au cône noir central fleurissent sans faiblir d'août à octobre.;
"Joubarbe des toits ; Barbe de Jupiter";Plantes vivaces;Crassulaceae;Sempervivum;tectorum;-;https://fr.wikipedia.org/wiki/Salvia_nemorosa;https://commons.wikimedia.org/wiki/Salvia_nemorosa;Très recherchée pour ses tiges sombres presque noires et ses denses épis de fleurs violettes qui remontent en fin d'été après une taille.;
Germandrée petit-chêne;Plantes vivaces;Lamiaceae-Labiatae;Teucrium;chamaedrys;-;https://fr.wikipedia.org/wiki/Hylotelephium_spectabile;https://commons.wikimedia.org/wiki/Hylotelephium_spectabile;Plante grasse très rustique à feuilles charnues réservoirs d'eau. Ses larges plateaux de fleurs roses virant au rouille à l'automne sont de vrais aimants à papillons.;
Petite pervenche;Plantes vivaces;Apocynaceae;Vinca;minor;-;https://fr.wikipedia.org/wiki/Stachys_byzantina;https://commons.wikimedia.org/wiki/Stachys_byzantina;Surnommée 'Oreille de lapin' ou 'Oreille d'ours' en raison du duvet argenté et extrêmement doux qui recouvre entièrement ses feuilles.;
Fétuque bleue;Graminées (et plantes proches);Poaceae-Graminae;Festuca;glauca;-;https://fr.wikipedia.org/wiki/Festuca_glauca;https://commons.wikimedia.org/wiki/Festuca_glauca;Forme de petites coussins sphériques très hérissés d'un bleu acier intense, particulièrement résistants à la sécheresse et au plein soleil.;
"Eulalie ; Roseau de Chine ; Herbe à éléphant";Graminées (et plantes proches);Poaceae-Graminae;Miscanthus;sinensis;-;https://fr.wikipedia.org/wiki/Miscanthus_sinensis;https://commons.wikimedia.org/wiki/Category:Miscanthus_sinensis;"Le miscanthus forme de grandes touffes et des inflorescences plumeuses ; mémo : « Miscanthus = herbe haute en panache ».";Le nom commun « herbe à éléphant » peut aussi désigner d’autres graminées : conserver le nom botanique comme repère.
Bambou à chaume doré;Graminées (et plantes proches);Poaceae-Graminae;Phyllostachys;aurea;-;https://fr.wikipedia.org/wiki/Phyllostachys_aurea;https://commons.wikimedia.org/wiki/Category:Phyllostachys_aurea;"Aurea signifie « doré » ; les chaumes peuvent prendre une teinte jaune et présenter des entre-nœuds rapprochés à la base.";Espèce correcte à confronter au cultivar éventuel.
Bambou nain;Graminées (et plantes proches);Poaceae-Graminae;Pleioblastus;fortunei;'Variegata';https://fr.wikipedia.org/wiki/Pleioblastus_fortunei;https://commons.wikimedia.org/wiki/Category:Pleioblastus_fortunei;"Ce bambou nain forme des touffes de feuilles panachées ; mémo : « Pleioblastus = petit bambou décoratif ».";Vérifier la variété ou le cultivar si le concours distingue les formes panachées.
"Stipe ; Cheveux d'ange";Graminées (et plantes proches);Poaceae-Graminae;Stipa;tenuifolia;-;https://fr.wikipedia.org/wiki/Stipa_tenuissima;https://commons.wikimedia.org/wiki/Category:Nassella_tenuissima;"Les longues arêtes soyeuses évoquent des cheveux d’ange ; mémo : « Stipa = chevelure légère ».";"Le taxon est souvent accepté sous le nom Nassella tenuissima ; Stipa tenuifolia peut être une appellation horticole ou une confusion à vérifier."
"Impatience ; Balsamine de Waller";Plantes annuelles, bisannuelles et de fleurissement;Balsaminaceae;Impatiens;walleriana;-;https://fr.wikipedia.org/wiki/Impatiens_walleriana;https://commons.wikimedia.org/wiki/Category:Impatiens_walleriana;"Les capsules d’Impatiens projettent leurs graines au toucher ; mémo : « impatiente, elle n’attend pas ».";Nom commun multiple : impatience ou balsamine de Waller.
"Mandévilla ; Mandévilla de Sander";Plantes annuelles, bisannuelles et de fleurissement;Apocynaceae;Mandevilla / Dipladenia;sanderi;-;https://fr.wikipedia.org/wiki/Mandevilla_sanderi;https://commons.wikimedia.org/wiki/Category:Mandevilla_sanderi;"Le mandévilla est une plante grimpante tropicale à fleurs en trompette ; mémo : « Mandevilla = liane à grandes trompettes ».";"Mandevilla et Dipladenia sont des appellations horticoles souvent rapprochées ; vérifier le genre retenu."
"Marguerite du Cap ; Souci du Cap";Plantes annuelles, bisannuelles et de fleurissement;Asteraceae-Compositae;Osteospermum;sp.;-;https://fr.wikipedia.org/wiki/Osteospermum;https://commons.wikimedia.org/wiki/Category:Osteospermum;"Osteospermum signifie « graine osseuse » ; mémo : « osteo = os » pour retenir l’étymologie.";Espece « sp. » indique une espèce non précisée : le nom exact du cultivar ou de l’espèce est à rechercher.
Géranium zonale;Plantes annuelles, bisannuelles et de fleurissement;Geraniaceae;Pelargonium;hortorum;-;https://fr.wikipedia.org/wiki/Pelargonium_%C3%97_hortorum;https://commons.wikimedia.org/wiki/Category:Pelargonium_%C3%97_hortorum;"Le géranium zonale est en réalité un Pelargonium ; la zone sombre sur la feuille aide à le reconnaître.";"La forme horticole est souvent écrite Pelargonium × hortorum ; « hortorum » dans Espece est à vérifier selon le référentiel."
Oeillet d'Inde;Plantes annuelles, bisannuelles et de fleurissement;Asteraceae-Compositae;Tagetes;patula;-;https://fr.wikipedia.org/wiki/Tagetes_patula;https://commons.wikimedia.org/wiki/Category:Tagetes_patula;"L’œillet d’Inde est un Tagetes, pas un véritable œillet (Dianthus) ; mémo : « Tagetes = parfum et capitules jaunes/orangés ».";Nom commun trompeur : Tagetes n’appartient pas au genre Dianthus.
Pensée;Plantes annuelles, bisannuelles et de fleurissement;Violaceae;Viola;wittrockiana;-;https://fr.wikipedia.org/wiki/Viola_%C3%97_wittrockiana;https://commons.wikimedia.org/wiki/Category:Viola_wittrockiana;"La pensée de jardin est généralement notée Viola × wittrockiana ; le signe × indique l’hybride. Vérifier si le référentiel exige cette notation.";
Abutilon strié, lanterne chinoise;Plantes annuelles, bisannuelles et de fleurissement;Malvaceae;Abutilon;pictum;-;https://fr.wikipedia.org/wiki/Abutilon_pictum;https://commons.wikimedia.org/wiki/Category:Abutilon_pictum;"Abutilon pictum est souvent cultivé pour ses feuilles panachées et ses fleurs en cloche ; mémo : « lanterne chinoise = fleur pendante ».";
Agérate du Mexique, Agérate Bleu, Célestine;Plantes annuelles, bisannuelles et de fleurissement;Asteraceae-Compositae;Ageratum;houstonianum;-;https://fr.wikipedia.org/wiki/Ageratum_houstonianum;https://commons.wikimedia.org/wiki/Category:Ageratum_houstonianum;"Les capitules duveteux de l’agérate rappellent de petits pompons bleus ; mémo : « agérate = air de coton ».";
Amarante queue-de-renard ou amarante caudée;Plantes annuelles, bisannuelles et de fleurissement;Amaranthaceae-Chenopodaceae;Amaranthus;caudatus;-;https://fr.wikipedia.org/wiki/Amaranthus_caudatus;https://commons.wikimedia.org/wiki/Category:Amaranthus_caudatus;"Les inflorescences pendantes évoquent une queue de renard ; mémo : « caudatus = queue ».";
Bégonia semperflorens ou bégonia dragon;Plantes annuelles, bisannuelles et de fleurissement;Begoniaceae;Begonia;semperflorens / semperflorens-cultorum;-;https://fr.wikipedia.org/wiki/Begonia_semperflorens-cultorum;https://commons.wikimedia.org/wiki/Category:Begonia_semperflorens-cultorum;"Le nom semperflorens signifie « qui fleurit toujours » ; le bégonia de massif est apprécié pour sa floraison durable.";
Bidens à feuille de férule;Plantes annuelles, bisannuelles et de fleurissement;Asteraceae-Compositae;Bidens;ferulifolia;-;https://fr.wikipedia.org/wiki/Bidens_ferulifolia;https://commons.wikimedia.org/wiki/Category:Bidens_ferulifolia;"Bidens signifie « deux dents », en référence aux arêtes de certains fruits ; mémo : « bi-dents = deux dents ».";
Piment doux, piment des jardins, Piment annuel;Plantes annuelles, bisannuelles et de fleurissement;Solanaceae;Capsicum;annum;-;https://fr.wikipedia.org/wiki/Capsicum_annuum;https://commons.wikimedia.org/wiki/Category:Capsicum_annuum;"Capsicum annuum regroupe de nombreux piments et poivrons ; le piquant dépend notamment de la capsaïcine.";
Célosie argentée, épinard de Lagos;Plantes annuelles, bisannuelles et de fleurissement;Amaranthaceae-Chenopodaceae;Celosia;argentea;-;https://fr.wikipedia.org/wiki/Celosia_argentea;https://commons.wikimedia.org/wiki/Category:Celosia_argentea;"Les inflorescences de célosie peuvent évoquer une crête ou une flamme ; mémo : « célosie = crête colorée ».";
Cosmos bipenné, cosmos à grandes fleurs, cosmos annuel;Plantes annuelles, bisannuelles et de fleurissement;Asteraceae-Compositae;Cosmos;bipinnatus;-;https://fr.wikipedia.org/wiki/Cosmos_bipinnatus;https://commons.wikimedia.org/wiki/Category:Cosmos_bipinnatus;Bipinnatus signifie « deux fois penné » et décrit le feuillage finement découpé du cosmos.;
Dahlia;Plantes annuelles, bisannuelles et de fleurissement;Asteraceae-Compositae;Dahlia;x;-;https://fr.wikipedia.org/wiki/Dahlia;https://commons.wikimedia.org/wiki/Category:Dahlia;Le dahlia est un genre horticole très diversifié, cultivé pour ses capitules aux formes multiples.;
Echévéria;Plantes annuelles, bisannuelles et de fleurissement;Crassulaceae;Echeveria;secunda;glauca;https://fr.wikipedia.org/wiki/Echeveria_secunda;https://commons.wikimedia.org/wiki/Category:Echeveria_secunda;"Echeveria forme une rosette de feuilles charnues ; mémo : « écheveria = échelle de rosette », avec des feuilles disposées en spirale.";
Fuchsia;Plantes annuelles, bisannuelles et de fleurissement;Onagraceae;Fuchsia;magellanica ou x;-;https://fr.wikipedia.org/wiki/Fuchsia_magellanica;https://commons.wikimedia.org/wiki/Category:Fuchsia_magellanica;"Le fuchsia porte des fleurs pendantes aux sépales et pétales contrastés ; mémo : « fuchsia = petites lanternes suspendues ».";
Gazania ou Gazanie;Plantes annuelles, bisannuelles et de fleurissement;Asteraceae-Compositae;Gazania;splendens;-;https://fr.wikipedia.org/wiki/Gazania;https://commons.wikimedia.org/wiki/Category:Gazania;"Les capitules de gazania s’ouvrent largement au soleil et se ferment souvent par temps couvert ; mémo : « gazania = gazon solaire ».";
Tournesol, Hélianthe, Soleil;Plantes annuelles, bisannuelles et de fleurissement;Asteraceae-Compositae;Helianthus;annuus;-;https://fr.wikipedia.org/wiki/Helianthus_annuus;https://commons.wikimedia.org/wiki/Category:Helianthus_annuus;"Helianthus signifie « fleur du soleil » ; le capitule est composé de nombreuses petites fleurs, et non d’une seule fleur.";
Impatience de Nouvelle-Guinée, Balsamine, Patience;Plantes annuelles, bisannuelles et de fleurissement;Balsaminaceae;Impatiens;x hawkeri;new guinée;https://fr.wikipedia.org/wiki/Impatiens_hawkeri;https://commons.wikimedia.org/wiki/Category:Impatiens_hawkeri;"Les Impatiens peuvent projeter leurs graines à maturité ; mémo : « impatience = capsule qui n’attend pas ».";
Lantanier, camara commun, galabert;Plantes annuelles, bisannuelles et de fleurissement;Verbenaceae;Lantana;camaras;-;https://fr.wikipedia.org/wiki/Lantana_camara;https://commons.wikimedia.org/wiki/Category:Lantana_camara;"Les fleurs du lantana peuvent changer de teinte au cours de leur développement ; mémo : « lantana = bouquet caméléon ».";
Lobélie, Cardinale des marais, lobélia rouge;Plantes annuelles, bisannuelles et de fleurissement;Campanulaceae;Lobelia;x speciosa;-;https://fr.wikipedia.org/wiki/Lobelia_%C3%97_speciosa;https://commons.wikimedia.org/wiki/Category:Lobelia_%C3%97_speciosa;"Les lobélies portent des fleurs à corolle fortement divisée ; mémo : « lobélie = lèvres colorées ».";
Tabac d'ornement;Plantes annuelles, bisannuelles et de fleurissement;Solanaceae;Nicotiana;x sanderae;-;https://fr.wikipedia.org/wiki/Nicotiana_%C3%97_sanderae;https://commons.wikimedia.org/wiki/Category:Nicotiana_%C3%97_sanderae;"Le tabac d’ornement est souvent parfumé le soir ; mémo : « Nicotiana = nez attiré la nuit ».";
Pétunia retombant, Pétunia Surfinia;Plantes annuelles, bisannuelles et de fleurissement;Solanaceae;Petunia;x hybrida;-;https://fr.wikipedia.org/wiki/P%C3%A9tunia;https://commons.wikimedia.org/wiki/Category:Petunia_%C3%97_hybrida;"Le pétunia appartient aux Solanacées, comme la tomate et la pomme de terre ; mémo : « pétunia = trompette de la famille des tomates ».";
Sauge écarlate, sauge splendide, sauge éclatante;Plantes annuelles, bisannuelles et de fleurissement;Lamiaceae;Salvia;coccinea;-;https://fr.wikipedia.org/wiki/Salvia_coccinea;https://commons.wikimedia.org/wiki/Category:Salvia_coccinea;"Les fleurs de sauge ont une corolle bilabiée typique des Lamiacées ; mémo : « Salvia = sauge à deux lèvres ».";
Verveine;Plantes annuelles, bisannuelles et de fleurissement;Verbenaceae;Verbena;x hybrida;-;https://fr.wikipedia.org/wiki/Verbena_%C3%97_hybrida;https://commons.wikimedia.org/wiki/Category:Verbena_%C3%97_hybrida;"La verveine hybride forme des bouquets de petites fleurs ; mémo : « verveine = verveine en nuage ».";Espece « x hybrida » : conserver la notation d’hybride dans la note, sans modifier les champs originaux.
Zinnia élégant;Plantes annuelles, bisannuelles et de fleurissement;Asteraceae-Compositae;Zinnia;elegans;-;https://fr.wikipedia.org/wiki/Zinnia_elegans;https://commons.wikimedia.org/wiki/Category:Zinnia_elegans;"Le zinnia aime le soleil et offre une floraison estivale très colorée ; mémo : « Zinnia = zéro timidité au soleil ».";
Matthiole blanchâtre, Giroflée quarantaine, Giroflée des jardins, Giroflée rouge, Quarantaine, Violier;Plantes annuelles, bisannuelles et de fleurissement;Brassicaceae;Mathiola;incana;-;https://fr.wikipedia.org/wiki/Matthiola_incana;https://commons.wikimedia.org/wiki/Category:Matthiola_incana;"La giroflée est appréciée pour son parfum ; mémo : « giroflée = girofle + effluves ».";
Myosotis des bois, Myosotis des forêts, grémillet, scorpione, herbe d'amour, oreille-de-souris;Plantes annuelles, bisannuelles et de fleurissement;Boraginiaceae;Myosotis;sylvatica;-;https://fr.wikipedia.org/wiki/Myosotis_sylvatica;https://commons.wikimedia.org/wiki/Category:Myosotis_sylvatica;"Myosotis signifie « oreille de souris » ; son surnom « ne m’oublie pas » aide à retenir ses petites fleurs bleues.";
Primevère commune, primevère acaule, primevère des jardins, Primevère sans tige;Plantes annuelles, bisannuelles et de fleurissement;Primulaceae;Primula;acaulis;-;https://fr.wikipedia.org/wiki/Primula_vulgaris;https://commons.wikimedia.org/wiki/Category:Primula_vulgaris;Acaulis signifie « sans tige » : les fleurs semblent sortir directement de la rosette.;
Pensée des jardins, Pensée de Wittrock;Plantes annuelles, bisannuelles et de fleurissement;Violaceae;Viola;wittrockiana;-;https://fr.wikipedia.org/wiki/Viola_%C3%97_wittrockiana;https://commons.wikimedia.org/wiki/Category:Viola_wittrockiana;"La pensée évoque un petit visage grâce aux dessins de ses pétales ; c’est un hybride horticole très variable.";
Pâquerette, pâquerette vivace, petite Marguerite;Plantes annuelles, bisannuelles et de fleurissement;Asteraceae-Compositae;Bellis;perennis;-;https://fr.wikipedia.org/wiki/P%C3%A2querette;https://commons.wikimedia.org/wiki/Category:Bellis_perennis;"Perennis signifie « vivace » ; la pâquerette referme souvent son capitule la nuit ou par mauvais temps.";
Fraisier;Plantes aromatiques & légumes;Rosaceae;Fragaria;ananassa;-;https://fr.wikipedia.org/wiki/Fraisier_%C3%A0_gros_fruits;https://commons.wikimedia.org/wiki/Category:Fragaria_%C3%97_ananassa;"Les petits éléments visibles à la surface de la fraise sont les vrais fruits botaniques ; la partie rouge est un réceptacle développé.";
"Menthe verte ; Menthe en épi";Plantes aromatiques & légumes;Lamiaceae-Labiatae;Mentha;spicata;-;https://fr.wikipedia.org/wiki/Mentha_spicata;https://commons.wikimedia.org/wiki/Category:Mentha_spicata;Spicata signifie « en épi », en référence à l’inflorescence allongée de la menthe verte.;
Basilic;Plantes aromatiques & légumes;Lamiaceae-Labiatae;Ocimum;basilicum;-;https://fr.wikipedia.org/wiki/Basilic_(plante);https://commons.wikimedia.org/wiki/Category:Ocimum_basilicum;Le basilic est une Lamiacée : tiges souvent carrées et feuilles opposées, deux repères utiles à l’identification.;
Persil;Plantes aromatiques & légumes;Apiaceae-Umbelliferae;Petroselinum;crispum / sativum;-;https://fr.wikipedia.org/wiki/Persil;https://commons.wikimedia.org/wiki/Category:Petroselinum_crispum;"Crispum évoque les formes frisées du persil ; il appartient à la famille des Apiacées.";